[{"model": "admin.logentry", "pk": 1, "fields": {"action_time": "2022-02-08T20:29:58.413Z", "user": 1, "content_type": 6, "object_id": "1", "object_repr": "Модерн", "action_flag": 1, "change_message": "[{\"added\": {}}]"}}, {"model": "admin.logentry", "pk": 2, "fields": {"action_time": "2022-02-08T20:30:10.295Z", "user": 1, "content_type": 6, "object_id": "2", "object_repr": "Минимализм", "action_flag": 1, "change_message": "[{\"added\": {}}]"}}, {"model": "admin.logentry", "pk": 3, "fields": {"action_time": "2022-02-08T20:30:27.593Z", "user": 1, "content_type": 6, "object_id": "3", "object_repr": "Ретро", "action_flag": 1, "change_message": "[{\"added\": {}}]"}}, {"model": "admin.logentry", "pk": 4, "fields": {"action_time": "2022-02-09T18:44:07.491Z", "user": 1, "content_type": 6, "object_id": "29", "object_repr": "Ми", "action_flag": 2, "change_message": "[{\"changed\": {\"fields\": [\"\\u0418\\u043c\\u044f\"]}}]"}}, {"model": "admin.logentry", "pk": 5, "fields": {"action_time": "2022-02-09T18:44:12.903Z", "user": 1, "content_type": 6, "object_id": "28", "object_repr": "Модерн", "action_flag": 2, "change_message": "[{\"changed\": {\"fields\": [\"\\u0418\\u043c\\u044f\"]}}]"}}, {"model": "admin.logentry", "pk": 6, "fields": {"action_time": "2022-02-09T18:44:17.220Z", "user": 1, "content_type": 6, "object_id": "29", "object_repr": "Минимализм", "action_flag": 2, "change_message": "[{\"changed\": {\"fields\": [\"\\u0418\\u043c\\u044f\"]}}]"}}, {"model": "admin.logentry", "pk": 7, "fields": {"action_time": "2022-02-09T18:44:22.956Z", "user": 1, "content_type": 6, "object_id": "30", "object_repr": "Ретро", "action_flag": 2, "change_message": "[{\"changed\": {\"fields\": [\"\\u0418\\u043c\\u044f\"]}}]"}}, {"model": "admin.logentry", "pk": 8, "fields": {"action_time": "2022-02-09T18:45:22.394Z", "user": 1, "content_type": 7, "object_id": "5", "object_repr": "Product object (5)", "action_flag": 2, "change_message": "[{\"changed\": {\"fields\": [\"\\u0418\\u043c\\u044f\", \"\\u041a\\u043e\\u0440\\u043e\\u0442\\u043a\\u043e\\u0435 \\u043e\\u043f\\u0438\\u0441\\u0430\\u043d\\u0438\\u0435\", \"Image\"]}}]"}}, {"model": "admin.logentry", "pk": 9, "fields": {"action_time": "2022-02-09T18:45:56.429Z", "user": 1, "content_type": 7, "object_id": "5", "object_repr": "Product object (5)", "action_flag": 2, "change_message": "[{\"changed\": {\"fields\": [\"\\u0418\\u043c\\u044f\"]}}]"}}, {"model": "admin.logentry", "pk": 10, "fields": {"action_time": "2022-02-14T18:46:43.500Z", "user": 1, "content_type": 7, "object_id": "7", "object_repr": "Product object (7)", "action_flag": 2, "change_message": "[{\"changed\": {\"fields\": [\"\\u041a\\u043e\\u0440\\u043e\\u0442\\u043a\\u043e\\u0435 \\u043e\\u043f\\u0438\\u0441\\u0430\\u043d\\u0438\\u0435\", \"\\u0426\\u0435\\u043d\\u0430\", \"\\u041a\\u043e\\u043b\\u0438\\u0447\\u0435\\u0441\\u0442\\u0432\\u043e \\u043d\\u0430 \\u0441\\u043a\\u043b\\u0430\\u0434\\u0435\", \"Image\"]}}]"}}, {"model": "admin.logentry", "pk": 11, "fields": {"action_time": "2022-02-14T18:48:28.628Z", "user": 1, "content_type": 7, "object_id": "7", "object_repr": "Product object (7)", "action_flag": 2, "change_message": "[{\"changed\": {\"fields\": [\"Image\"]}}]"}}, {"model": "admin.logentry", "pk": 12, "fields": {"action_time": "2022-02-25T14:41:55.368Z", "user": 1, "content_type": 7, "object_id": "7", "object_repr": "Product object (7)", "action_flag": 2, "change_message": "[{\"changed\": {\"fields\": [\"Image\"]}}]"}}, {"model": "admin.logentry", "pk": 13, "fields": {"action_time": "2022-02-25T14:42:24.031Z", "user": 1, "content_type": 7, "object_id": "7", "object_repr": "Product object (7)", "action_flag": 2, "change_message": "[{\"changed\": {\"fields\": [\"\\u041e\\u043f\\u0438\\u0441\\u0430\\u043d\\u0438\\u0435\", \"Image\"]}}]"}}, {"model": "admin.logentry", "pk": 14, "fields": {"action_time": "2022-02-25T14:42:51.451Z", "user": 1, "content_type": 7, "object_id": "7", "object_repr": "Product object (7)", "action_flag": 2, "change_message": "[{\"changed\": {\"fields\": [\"Image\"]}}]"}}, {"model": "admin.logentry", "pk": 15, "fields": {"action_time": "2022-02-25T14:44:45.768Z", "user": 1, "content_type": 7, "object_id": "7", "object_repr": "Product object (7)", "action_flag": 2, "change_message": "[{\"changed\": {\"fields\": [\"Image\"]}}]"}}, {"model": "admin.logentry", "pk": 16, "fields": {"action_time": "2022-02-25T14:53:13.046Z", "user": 1, "content_type": 7, "object_id": "8", "object_repr": "Product object (8)", "action_flag": 2, "change_message": "[{\"changed\": {\"fields\": [\"\\u041e\\u043f\\u0438\\u0441\\u0430\\u043d\\u0438\\u0435\", \"\\u041a\\u043e\\u0440\\u043e\\u0442\\u043a\\u043e\\u0435 \\u043e\\u043f\\u0438\\u0441\\u0430\\u043d\\u0438\\u0435\", \"\\u0426\\u0435\\u043d\\u0430\", \"\\u0426\\u0435\\u043d\\u0430 \\u0441\\u043e \\u0441\\u043a\\u0438\\u0434\\u043a\\u043e\\u0439\", \"\\u041a\\u043e\\u043b\\u0438\\u0447\\u0435\\u0441\\u0442\\u0432\\u043e \\u043d\\u0430 \\u0441\\u043a\\u043b\\u0430\\u0434\\u0435\", \"Image\"]}}]"}}, {"model": "admin.logentry", "pk": 17, "fields": {"action_time": "2022-02-25T14:53:58.648Z", "user": 1, "content_type": 7, "object_id": "9", "object_repr": "Product object (9)", "action_flag": 2, "change_message": "[{\"changed\": {\"fields\": [\"\\u041e\\u043f\\u0438\\u0441\\u0430\\u043d\\u0438\\u0435\", \"\\u041a\\u043e\\u0440\\u043e\\u0442\\u043a\\u043e\\u0435 \\u043e\\u043f\\u0438\\u0441\\u0430\\u043d\\u0438\\u0435\", \"\\u0426\\u0435\\u043d\\u0430\", \"\\u0426\\u0435\\u043d\\u0430 \\u0441\\u043e \\u0441\\u043a\\u0438\\u0434\\u043a\\u043e\\u0439\", \"\\u041a\\u043e\\u043b\\u0438\\u0447\\u0435\\u0441\\u0442\\u0432\\u043e \\u043d\\u0430 \\u0441\\u043a\\u043b\\u0430\\u0434\\u0435\", \"Image\"]}}]"}}, {"model": "admin.logentry", "pk": 18, "fields": {"action_time": "2022-02-25T14:55:09.116Z", "user": 1, "content_type": 7, "object_id": "10", "object_repr": "Product object (10)", "action_flag": 2, "change_message": "[{\"changed\": {\"fields\": [\"\\u041e\\u043f\\u0438\\u0441\\u0430\\u043d\\u0438\\u0435\", \"\\u041a\\u043e\\u0440\\u043e\\u0442\\u043a\\u043e\\u0435 \\u043e\\u043f\\u0438\\u0441\\u0430\\u043d\\u0438\\u0435\", \"\\u0426\\u0435\\u043d\\u0430\", \"\\u0426\\u0435\\u043d\\u0430 \\u0441\\u043e \\u0441\\u043a\\u0438\\u0434\\u043a\\u043e\\u0439\", \"\\u041a\\u043e\\u043b\\u0438\\u0447\\u0435\\u0441\\u0442\\u0432\\u043e \\u043d\\u0430 \\u0441\\u043a\\u043b\\u0430\\u0434\\u0435\", \"Image\"]}}]"}}, {"model": "admin.logentry", "pk": 19, "fields": {"action_time": "2022-02-25T14:56:01.153Z", "user": 1, "content_type": 7, "object_id": "11", "object_repr": "Product object (11)", "action_flag": 2, "change_message": "[{\"changed\": {\"fields\": [\"\\u041e\\u043f\\u0438\\u0441\\u0430\\u043d\\u0438\\u0435\", \"\\u041a\\u043e\\u0440\\u043e\\u0442\\u043a\\u043e\\u0435 \\u043e\\u043f\\u0438\\u0441\\u0430\\u043d\\u0438\\u0435\", \"\\u0426\\u0435\\u043d\\u0430\", \"\\u0426\\u0435\\u043d\\u0430 \\u0441\\u043e \\u0441\\u043a\\u0438\\u0434\\u043a\\u043e\\u0439\", \"\\u041a\\u043e\\u043b\\u0438\\u0447\\u0435\\u0441\\u0442\\u0432\\u043e \\u043d\\u0430 \\u0441\\u043a\\u043b\\u0430\\u0434\\u0435\", \"Image\"]}}]"}}, {"model": "admin.logentry", "pk": 20, "fields": {"action_time": "2022-02-25T14:56:51.809Z", "user": 1, "content_type": 7, "object_id": "12", "object_repr": "Product object (12)", "action_flag": 2, "change_message": "[{\"changed\": {\"fields\": [\"\\u041e\\u043f\\u0438\\u0441\\u0430\\u043d\\u0438\\u0435\", \"\\u041a\\u043e\\u0440\\u043e\\u0442\\u043a\\u043e\\u0435 \\u043e\\u043f\\u0438\\u0441\\u0430\\u043d\\u0438\\u0435\", \"\\u0426\\u0435\\u043d\\u0430\", \"\\u0426\\u0435\\u043d\\u0430 \\u0441\\u043e \\u0441\\u043a\\u0438\\u0434\\u043a\\u043e\\u0439\", \"\\u041a\\u043e\\u043b\\u0438\\u0447\\u0435\\u0441\\u0442\\u0432\\u043e \\u043d\\u0430 \\u0441\\u043a\\u043b\\u0430\\u0434\\u0435\", \"Image\"]}}]"}}, {"model": "admin.logentry", "pk": 21, "fields": {"action_time": "2022-02-25T14:57:29.918Z", "user": 1, "content_type": 7, "object_id": "13", "object_repr": "Product object (13)", "action_flag": 2, "change_message": "[{\"changed\": {\"fields\": [\"\\u041e\\u043f\\u0438\\u0441\\u0430\\u043d\\u0438\\u0435\", \"\\u041a\\u043e\\u0440\\u043e\\u0442\\u043a\\u043e\\u0435 \\u043e\\u043f\\u0438\\u0441\\u0430\\u043d\\u0438\\u0435\", \"\\u0426\\u0435\\u043d\\u0430\", \"\\u0426\\u0435\\u043d\\u0430 \\u0441\\u043e \\u0441\\u043a\\u0438\\u0434\\u043a\\u043e\\u0439\", \"\\u041a\\u043e\\u043b\\u0438\\u0447\\u0435\\u0441\\u0442\\u0432\\u043e \\u043d\\u0430 \\u0441\\u043a\\u043b\\u0430\\u0434\\u0435\", \"Image\"]}}]"}}, {"model": "admin.logentry", "pk": 22, "fields": {"action_time": "2022-02-25T14:59:03.124Z", "user": 1, "content_type": 7, "object_id": "11", "object_repr": "Product object (11)", "action_flag": 2, "change_message": "[{\"changed\": {\"fields\": [\"Image\"]}}]"}}, {"model": "admin.logentry", "pk": 23, "fields": {"action_time": "2022-02-25T14:59:17.841Z", "user": 1, "content_type": 7, "object_id": "11", "object_repr": "Product object (11)", "action_flag": 2, "change_message": "[{\"changed\": {\"fields\": [\"Image\"]}}]"}}, {"model": "social_django.usersocialauth", "pk": 3, "fields": {"user": 22, "provider": "vk-oauth2", "uid": "142779907", "extra_data": "{\"auth_time\": 1648384134, \"id\": 142779907, \"expires\": 86400, \"access_token\": \"270544033996d1484121e05bd89b100324ec49a46c3211726c8f6cdfb1f6130d0fc23844fa28a88177ded\", \"token_type\": null}", "created": "2022-03-27T10:29:51.419Z", "modified": "2022-03-27T12:28:54.306Z"}}, {"model": "mainapp.productcategory", "pk": 35, "fields": {"name": "Модерн", "description": "Очень модерные", "is_active": true}}, {"model": "mainapp.productcategory", "pk": 36, "fields": {"name": "Ретро", "description": "", "is_active": true}}, {"model": "mainapp.productcategory", "pk": 37, "fields": {"name": "Антиквариат", "description": "", "is_active": false}}, {"model": "mainapp.productcategory", "pk": 38, "fields": {"name": "Готический", "description": "", "is_active": true}}, {"model": "mainapp.productcategory", "pk": 39, "fields": {"name": "Прованс", "description": "", "is_active": true}}, {"model": "mainapp.productcategory", "pk": 40, "fields": {"name": "Люстры", "description": "", "is_active": true}}, {"model": "mainapp.productcategory", "pk": 44, "fields": {"name": "cgbfgnhfgn", "description": "", "is_active": false}}, {"model": "mainapp.product", "pk": 8, "fields": {"name": "Стол", "description": "Минималистичное решение", "category": 35, "short_description": "Стол для дома", "price": "12960.00", "price_with_discount": "12599.00", "quantity": 11, "image": "products_images/slider-hotdeal_HFVrodC.jpg", "is_active": true}}, {"model": "mainapp.product", "pk": 9, "fields": {"name": "Лампа", "description": "Напольная лампа", "category": 36, "short_description": "Создаст уют в Вашем доме", "price": "5099.00", "price_with_discount": "4099.00", "quantity": 57, "image": "products_images/product-2-sm_KC12nvr.jpg", "is_active": true}}, {"model": "mainapp.product", "pk": 10, "fields": {"name": "Диван", "description": "Диван двухместный", "category": 38, "short_description": "Мягкий и удобный", "price": "54399.00", "price_with_discount": "52299.00", "quantity": 13, "image": "products_images/product-3-sm_IHQXrzz.jpg", "is_active": true}}, {"model": "mainapp.product", "pk": 11, "fields": {"name": "Настольная лампа", "description": "Лампа для работы за столом", "category": 35, "short_description": "С заботой о Вас", "price": "2835.00", "price_with_discount": "3300.00", "quantity": 95, "image": "products_images/product-31_7VOVIBK.jpg", "is_active": true}}, {"model": "mainapp.product", "pk": 12, "fields": {"name": "Кресло", "description": "Кресло в гостинную", "category": 39, "short_description": "Мягко и комфортно", "price": "7800.00", "price_with_discount": "7399.00", "quantity": 26, "image": "products_images/product-2.jpg", "is_active": true}}, {"model": "mainapp.product", "pk": 13, "fields": {"name": "Ковер", "description": "Для тепла Ваших ног", "category": 35, "short_description": "Приятный на ощупь", "price": "9881.19", "price_with_discount": "11999.00", "quantity": 5, "image": "products_images/cover_GZRVHym.jpg", "is_active": true}}, {"model": "mainapp.product", "pk": 14, "fields": {"name": "Бра", "description": "Стильное решение для вашего дома", "category": 40, "short_description": "Для уютного вечера", "price": "8000.00", "price_with_discount": "5699.00", "quantity": 76, "image": "products_images/product-41.jpg", "is_active": true}}, {"model": "authapp.shopuser", "pk": 1, "fields": {"password": "pbkdf2_sha256$260000$c3UKh4sVbkwjGHvSh5tr0p$wuVpuv6+2P6C9NC16TsJwNEhokGN78Xq4ohgYWTjG/8=", "last_login": "2022-04-20T18:30:11.640Z", "is_superuser": true, "username": "admin", "first_name": "Пося", "last_name": "", "email": "admin@admin.com", "is_staff": true, "is_active": true, "date_joined": "2022-02-08T16:21:13.575Z", "avatar": "users_avatars/1_iQCuf13.jpg", "country": "Россия", "phone_number": "22", "activation_key": "", "activation_key_expires": "2022-03-24T08:17:56.844Z", "groups": [], "user_permissions": []}}, {"model": "authapp.shopuser", "pk": 2, "fields": {"password": "pbkdf2_sha256$320000$u5ll99WKI4XYkdfAwOCGPX$ii6jh/+nC4hc4tOdVkupJQ3hPHZVV+ttEWKCYZBqyBo=", "last_login": "2022-03-25T20:02:09.575Z", "is_superuser": false, "username": "JCJM", "first_name": "Julio", "last_name": "", "email": "jc@hot.com", "is_staff": false, "is_active": true, "date_joined": "2022-02-08T20:23:16Z", "avatar": "", "country": "Россия", "phone_number": "236", "activation_key": "", "activation_key_expires": "2022-03-24T08:17:56Z", "groups": [], "user_permissions": []}}, {"model": "authapp.shopuser", "pk": 3, "fields": {"password": "pbkdf2_sha256$320000$if3hykQnRQbqRqJn6nqhii$2SX0ls716NSBzNeWvoClKobb9MGjIm3oiSQY5jhN/7Q=", "last_login": "2022-02-14T18:43:07Z", "is_superuser": false, "username": "Avonavinna", "first_name": "Anna", "last_name": "", "email": "cagliosstro@ya.ru", "is_staff": false, "is_active": true, "date_joined": "2022-02-14T18:42:37Z", "avatar": "users_avatars/_9109013.jpg", "country": "Россия", "phone_number": "89656847856", "activation_key": "", "activation_key_expires": "2022-03-24T08:17:56.844Z", "groups": [], "user_permissions": []}}, {"model": "authapp.shopuser", "pk": 4, "fields": {"password": "pbkdf2_sha256$320000$jxfDHXnMngS6LCi5PmCbRN$qi1Qq2/YLiD0Zq7V+cJTvIzcs54C3GXmodEZ/Dy40lE=", "last_login": null, "is_superuser": false, "username": "Normotko", "first_name": "Норман", "last_name": "", "email": "norman@mail.ru", "is_staff": false, "is_active": false, "date_joined": "2022-03-22T08:48:25.338Z", "avatar": "", "country": "Россия", "phone_number": "89165552326", "activation_key": "2f6ada3803242e4f1ac1bafaa2ce7189efda5375", "activation_key_expires": "2022-03-24T08:47:26.062Z", "groups": [], "user_permissions": []}}, {"model": "authapp.shopuser", "pk": 5, "fields": {"password": "pbkdf2_sha256$320000$vho90tWxwJqezCRcC8gADq$DTpCzyS1C6PHnjfNwke6inaIymvHrprRc+rjmwHVMnI=", "last_login": null, "is_superuser": false, "username": "Masito", "first_name": "Мася", "last_name": "", "email": "masya@mail.ru", "is_staff": false, "is_active": false, "date_joined": "2022-03-22T08:50:06.187Z", "avatar": "", "country": "Россия", "phone_number": "89142658587", "activation_key": "79cd9b9f7d0a5f3b5b6804ddfbc2d2f625b239d7", "activation_key_expires": "2022-03-24T08:48:52.383Z", "groups": [], "user_permissions": []}}, {"model": "authapp.shopuser", "pk": 7, "fields": {"password": "pbkdf2_sha256$320000$XRpB5MGUL8maZxMeTWHssQ$EW5xBS1mKLnUJkwHCGXdSH12OW7U9a0Ljxml15Hco5I=", "last_login": "2022-03-22T09:12:08.495Z", "is_superuser": false, "username": "Аничка", "first_name": "anna", "last_name": "", "email": "anna@mail.ru", "is_staff": false, "is_active": true, "date_joined": "2022-03-22T09:08:35.328Z", "avatar": "", "country": "Россия", "phone_number": "89526963636", "activation_key": "9c1d66ba479894cf497a17489fabbf299c3ee58a", "activation_key_expires": "2022-03-24T09:07:22.016Z", "groups": [], "user_permissions": []}}, {"model": "authapp.shopuser", "pk": 8, "fields": {"password": "pbkdf2_sha256$320000$jwNMacpn5qJrxGReRQVIFx$yKVfJBLBYmgNrwtiVamiohdHiDHF7jkhJQ9vlvyfgII=", "last_login": "2022-03-22T16:27:01.850Z", "is_superuser": false, "username": "ff", "first_name": "Настя", "last_name": "", "email": "nasta@mail.ru", "is_staff": false, "is_active": true, "date_joined": "2022-03-22T13:46:05.046Z", "avatar": "", "country": "Россия", "phone_number": "89125553637", "activation_key": "4e4b4d5d2d3da224159868c36dcd29a9b4e520dd", "activation_key_expires": "2022-03-24T13:45:19.963Z", "groups": [], "user_permissions": []}}, {"model": "authapp.shopuser", "pk": 9, "fields": {"password": "pbkdf2_sha256$320000$uxbAw5WBZLAJtdlJ0cO0oc$FMowpnVmIvBs7QvbRYpKzYerKCocAA2/spJIOemxMtI=", "last_login": null, "is_superuser": false, "username": "Polina", "first_name": "Полина", "last_name": "", "email": "polina2000_21@mail.ru", "is_staff": false, "is_active": false, "date_joined": "2022-03-22T14:30:17.040Z", "avatar": "", "country": "Россия", "phone_number": "+79100996935", "activation_key": "21e070e52b7a9dfd51fd70d7f76b16af35f06f9c", "activation_key_expires": "2022-03-24T14:29:30.953Z", "groups": [], "user_permissions": []}}, {"model": "authapp.shopuser", "pk": 10, "fields": {"password": "pbkdf2_sha256$320000$1ajuRWLvxNoHBDAselkAfc$vLPjbYJd6z5Xp0+Mar0IEW0gmsHmlWQCjbUMZCRRgr8=", "last_login": null, "is_superuser": false, "username": "Nechaeva", "first_name": "Полина", "last_name": "", "email": "polina2000_21@mail.ru", "is_staff": false, "is_active": false, "date_joined": "2022-03-22T14:36:05.213Z", "avatar": "", "country": "Россия", "phone_number": "+79100996935", "activation_key": "46b414db4f4c6b800c5749e3bfdfaa3f0a65099f", "activation_key_expires": "2022-03-24T14:35:21.957Z", "groups": [], "user_permissions": []}}, {"model": "authapp.shopuser", "pk": 11, "fields": {"password": "pbkdf2_sha256$320000$7MQ3WC55NJ3znGb9DnD8YV$/Ps8d1DGADhdaU3dJtSVEqmfOligj/nozxAmprCI/Zc=", "last_login": null, "is_superuser": false, "username": "Polya", "first_name": "Полина", "last_name": "", "email": "polina2000_21@mail.ru", "is_staff": false, "is_active": false, "date_joined": "2022-03-22T14:38:27.553Z", "avatar": "", "country": "Россия", "phone_number": "+79100996935", "activation_key": "6775afd44f89944758c3d93975c7a096008ee195", "activation_key_expires": "2022-03-24T14:38:04.759Z", "groups": [], "user_permissions": []}}, {"model": "authapp.shopuser", "pk": 12, "fields": {"password": "pbkdf2_sha256$320000$eOOQ3nJHxCB8qQ26MTUuIv$UnKfIfpCDSZZQgqJFtRGqHBWpv7fVEEa4zjtOUIfHQo=", "last_login": "2022-03-22T14:43:40.256Z", "is_superuser": false, "username": "Kitty", "first_name": "Molly", "last_name": "", "email": "anya20000@gmail.com", "is_staff": false, "is_active": true, "date_joined": "2022-03-22T14:42:03.465Z", "avatar": "", "country": "Россия", "phone_number": "5554357", "activation_key": "53d0ac2f2c40aa2bbc706169b8892fea8ffef922", "activation_key_expires": "2022-03-24T14:38:04.759Z", "groups": [], "user_permissions": []}}, {"model": "authapp.shopuser", "pk": 13, "fields": {"password": "pbkdf2_sha256$320000$AoKB1Jg9ZybVqj2I7hhnIF$Woy91p4OTxPZfqfNFIiCnYoMqU2dAL36fQwVfaRoVfs=", "last_login": null, "is_superuser": false, "username": "pupu", "first_name": "I", "last_name": "", "email": "p@mail.ru", "is_staff": false, "is_active": false, "date_joined": "2022-03-22T16:29:44.163Z", "avatar": "", "country": "Россия", "phone_number": "8486541561651", "activation_key": "7655fcd0dd0637dced77616e857f825f16e9ab00", "activation_key_expires": "2022-03-24T16:22:48.464Z", "groups": [], "user_permissions": []}}, {"model": "authapp.shopuser", "pk": 14, "fields": {"password": "pbkdf2_sha256$320000$88kNDRBHmMdKdY5QfMODvN$JytDLCO5eGsdjTbh8LznKjKKxt/CKkv+wRtmwF1sRvI=", "last_login": null, "is_superuser": false, "username": "Я", "first_name": "Mamasita", "last_name": "", "email": "pol@mail.ru", "is_staff": false, "is_active": false, "date_joined": "2022-03-25T20:00:08.925Z", "avatar": "", "country": "Россия", "phone_number": "84556846", "activation_key": "47d587a601ffe2cf06c137788b78dd87238f2bbe", "activation_key_expires": "2022-03-27T19:57:17.028Z", "groups": [], "user_permissions": []}}, {"model": "authapp.shopuser", "pk": 15, "fields": {"password": "pbkdf2_sha256$320000$wf3RmlBWIcg17RozBFVxew$dKKbb5+iGwnXlQjWs69OuveStrdpnT9hnbOY4rcfDc0=", "last_login": "2022-03-26T19:02:36.345Z", "is_superuser": false, "username": "POLINA", "first_name": "POLINA", "last_name": "", "email": "polinanech09@gmail.com", "is_staff": false, "is_active": true, "date_joined": "2022-03-25T20:04:28Z", "avatar": "", "country": "Россия", "phone_number": "444555", "activation_key": "c41002607e24cd075da661aab0debc97dfe658b0", "activation_key_expires": "2022-03-27T19:57:17Z", "groups": [], "user_permissions": []}}, {"model": "authapp.shopuser", "pk": 22, "fields": {"password": "!8sHYEAfM45naPrb7wXAwS0Wg7bI5UZJaECPxO5gE", "last_login": "2022-03-27T12:28:54.332Z", "is_superuser": false, "username": "poslla", "first_name": "Полина", "last_name": "Нечаева", "email": "", "is_staff": false, "is_active": true, "date_joined": "2022-03-27T10:29:51.173Z", "avatar": "", "country": "Россия", "phone_number": "7777", "activation_key": "", "activation_key_expires": "2022-03-29T10:29:48.330Z", "groups": [], "user_permissions": []}}, {"model": "authapp.shopuser", "pk": 23, "fields": {"password": "pbkdf2_sha256$320000$jM7PJUeskX4tZ4VCFDzQOG$rZ+fZRWll+3YkBtjwLs6BPv/tWpUmu/Si2UebtZjn0k=", "last_login": "2022-03-27T11:21:30.375Z", "is_superuser": false, "username": "Настя", "first_name": "Nastya", "last_name": "", "email": "nas@mail.ru", "is_staff": false, "is_active": true, "date_joined": "2022-03-27T11:20:54.032Z", "avatar": "", "country": "Казахстан", "phone_number": "457896", "activation_key": "e97abd788e4474083759eeb7d521cbe04deb427a", "activation_key_expires": "2022-03-29T11:19:43.165Z", "groups": [], "user_permissions": []}}, {"model": "authapp.shopuserprofile", "pk": 1, "fields": {"user": 14, "tagline": "", "aboutMe": "", "gender": "", "age": 18, "other_social_media": "", "languages": ""}}, {"model": "authapp.shopuserprofile", "pk": 2, "fields": {"user": 15, "tagline": "", "aboutMe": "", "gender": "W", "age": 18, "other_social_media": "", "languages": ""}}, {"model": "authapp.shopuserprofile", "pk": 3, "fields": {"user": 3, "tagline": "", "aboutMe": "", "gender": "", "age": 18, "other_social_media": "", "languages": ""}}, {"model": "authapp.shopuserprofile", "pk": 4, "fields": {"user": 2, "tagline": "", "aboutMe": "", "gender": "", "age": 18, "other_social_media": "", "languages": ""}}, {"model": "authapp.shopuserprofile", "pk": 5, "fields": {"user": 12, "tagline": "", "aboutMe": "", "gender": "", "age": 18, "other_social_media": "", "languages": ""}}, {"model": "authapp.shopuserprofile", "pk": 7, "fields": {"user": 5, "tagline": "", "aboutMe": "", "gender": "", "age": 18, "other_social_media": "", "languages": ""}}, {"model": "authapp.shopuserprofile", "pk": 8, "fields": {"user": 10, "tagline": "", "aboutMe": "", "gender": "", "age": 18, "other_social_media": "", "languages": ""}}, {"model": "authapp.shopuserprofile", "pk": 9, "fields": {"user": 4, "tagline": "", "aboutMe": "", "gender": "", "age": 18, "other_social_media": "", "languages": ""}}, {"model": "authapp.shopuserprofile", "pk": 10, "fields": {"user": 9, "tagline": "", "aboutMe": "", "gender": "", "age": 18, "other_social_media": "", "languages": ""}}, {"model": "authapp.shopuserprofile", "pk": 11, "fields": {"user": 11, "tagline": "", "aboutMe": "", "gender": "", "age": 18, "other_social_media": "", "languages": ""}}, {"model": "authapp.shopuserprofile", "pk": 12, "fields": {"user": 1, "tagline": "", "aboutMe": "", "gender": "W", "age": 21, "other_social_media": "", "languages": ""}}, {"model": "authapp.shopuserprofile", "pk": 13, "fields": {"user": 8, "tagline": "", "aboutMe": "", "gender": "", "age": 18, "other_social_media": "", "languages": ""}}, {"model": "authapp.shopuserprofile", "pk": 14, "fields": {"user": 13, "tagline": "", "aboutMe": "", "gender": "", "age": 18, "other_social_media": "", "languages": ""}}, {"model": "authapp.shopuserprofile", "pk": 15, "fields": {"user": 7, "tagline": "", "aboutMe": "", "gender": "", "age": 18, "other_social_media": "", "languages": ""}}, {"model": "authapp.shopuserprofile", "pk": 22, "fields": {"user": 22, "tagline": "", "aboutMe": "", "gender": "W", "age": 22, "other_social_media": "https://vk.com/poslla", "languages": "Русский, Aari"}}, {"model": "authapp.shopuserprofile", "pk": 23, "fields": {"user": 23, "tagline": "", "aboutMe": "", "gender": "", "age": 18, "other_social_media": "", "languages": ""}}, {"model": "cartapp.cart", "pk": 23, "fields": {"user": 1, "product": 8, "quantity": 2, "add_datetime": "2022-04-20T18:54:26.839Z", "price": 0}}, {"model": "cartapp.cart", "pk": 24, "fields": {"user": 1, "product": 9, "quantity": 1, "add_datetime": "2022-04-20T18:54:35.693Z", "price": 0}}, {"model": "cartapp.cart", "pk": 25, "fields": {"user": 1, "product": 13, "quantity": 7, "add_datetime": "2022-04-22T19:07:07.740Z", "price": 0}}, {"model": "cartapp.cart", "pk": 26, "fields": {"user": 1, "product": 12, "quantity": 7, "add_datetime": "2022-04-22T19:07:41.840Z", "price": 0}}, {"model": "cartapp.cart", "pk": 27, "fields": {"user": 1, "product": 10, "quantity": 1, "add_datetime": "2022-05-01T19:07:00.258Z", "price": 0}}, {"model": "ordersapp.order", "pk": 1, "fields": {"user": 1, "created": "2022-04-01T18:57:35.288Z", "updated": "2022-04-01T18:57:35.288Z", "status": "1", "is_active": true}}, {"model": "ordersapp.order", "pk": 2, "fields": {"user": 1, "created": "2022-04-01T19:04:10.442Z", "updated": "2022-04-01T19:04:10.442Z", "status": "1", "is_active": true}}, {"model": "ordersapp.order", "pk": 3, "fields": {"user": 1, "created": "2022-04-01T19:05:15.114Z", "updated": "2022-04-01T21:07:59.841Z", "status": "1", "is_active": false}}, {"model": "ordersapp.order", "pk": 4, "fields": {"user": 1, "created": "2022-04-01T19:06:45.112Z", "updated": "2022-04-02T18:23:12.464Z", "status": "1", "is_active": true}}, {"model": "ordersapp.order", "pk": 5, "fields": {"user": 1, "created": "2022-04-01T19:07:47.766Z", "updated": "2022-04-01T19:07:47.766Z", "status": "1", "is_active": true}}, {"model": "ordersapp.order", "pk": 6, "fields": {"user": 1, "created": "2022-04-01T19:11:42.276Z", "updated": "2022-04-01T21:08:02.438Z", "status": "1", "is_active": false}}, {"model": "ordersapp.order", "pk": 7, "fields": {"user": 1, "created": "2022-04-01T19:13:31.840Z", "updated": "2022-04-01T21:07:51.313Z", "status": "1", "is_active": false}}, {"model": "ordersapp.order", "pk": 8, "fields": {"user": 1, "created": "2022-04-01T19:25:09.411Z", "updated": "2022-04-01T21:48:25.455Z", "status": "2", "is_active": true}}, {"model": "ordersapp.order", "pk": 9, "fields": {"user": 1, "created": "2022-04-01T20:59:09.674Z", "updated": "2022-04-07T19:35:37.151Z", "status": "1", "is_active": true}}, {"model": "ordersapp.order", "pk": 10, "fields": {"user": 1, "created": "2022-04-01T21:03:18.129Z", "updated": "2022-04-01T21:04:42.564Z", "status": "2", "is_active": true}}, {"model": "ordersapp.order", "pk": 11, "fields": {"user": 1, "created": "2022-04-01T21:58:36.166Z", "updated": "2022-04-01T21:58:36.196Z", "status": "1", "is_active": true}}, {"model": "ordersapp.order", "pk": 12, "fields": {"user": 1, "created": "2022-04-02T15:06:20.229Z", "updated": "2022-04-02T15:06:25.095Z", "status": "1", "is_active": false}}, {"model": "ordersapp.order", "pk": 13, "fields": {"user": 1, "created": "2022-04-02T15:19:02.030Z", "updated": "2022-04-02T15:19:02.061Z", "status": "1", "is_active": true}}, {"model": "ordersapp.orderitem", "pk": 1, "fields": {"order": 1, "product": 9, "quantity": 6}}, {"model": "ordersapp.orderitem", "pk": 2, "fields": {"order": 1, "product": 11, "quantity": 1}}, {"model": "ordersapp.orderitem", "pk": 3, "fields": {"order": 1, "product": 12, "quantity": 2}}, {"model": "ordersapp.orderitem", "pk": 4, "fields": {"order": 1, "product": 8, "quantity": 4}}, {"model": "ordersapp.orderitem", "pk": 5, "fields": {"order": 2, "product": 9, "quantity": 6}}, {"model": "ordersapp.orderitem", "pk": 6, "fields": {"order": 2, "product": 11, "quantity": 1}}, {"model": "ordersapp.orderitem", "pk": 7, "fields": {"order": 2, "product": 12, "quantity": 2}}, {"model": "ordersapp.orderitem", "pk": 8, "fields": {"order": 2, "product": 8, "quantity": 4}}, {"model": "ordersapp.orderitem", "pk": 9, "fields": {"order": 3, "product": 9, "quantity": 6}}, {"model": "ordersapp.orderitem", "pk": 10, "fields": {"order": 3, "product": 11, "quantity": 1}}, {"model": "ordersapp.orderitem", "pk": 11, "fields": {"order": 3, "product": 12, "quantity": 2}}, {"model": "ordersapp.orderitem", "pk": 12, "fields": {"order": 3, "product": 8, "quantity": 4}}, {"model": "ordersapp.orderitem", "pk": 13, "fields": {"order": 4, "product": 9, "quantity": 0}}, {"model": "ordersapp.orderitem", "pk": 14, "fields": {"order": 4, "product": 11, "quantity": 3}}, {"model": "ordersapp.orderitem", "pk": 15, "fields": {"order": 4, "product": 12, "quantity": 0}}, {"model": "ordersapp.orderitem", "pk": 16, "fields": {"order": 4, "product": 8, "quantity": 1}}, {"model": "ordersapp.orderitem", "pk": 17, "fields": {"order": 5, "product": 9, "quantity": 6}}, {"model": "ordersapp.orderitem", "pk": 18, "fields": {"order": 5, "product": 11, "quantity": 1}}, {"model": "ordersapp.orderitem", "pk": 19, "fields": {"order": 5, "product": 12, "quantity": 2}}, {"model": "ordersapp.orderitem", "pk": 20, "fields": {"order": 5, "product": 8, "quantity": 4}}, {"model": "ordersapp.orderitem", "pk": 21, "fields": {"order": 6, "product": 9, "quantity": 6}}, {"model": "ordersapp.orderitem", "pk": 22, "fields": {"order": 6, "product": 11, "quantity": 1}}, {"model": "ordersapp.orderitem", "pk": 23, "fields": {"order": 6, "product": 12, "quantity": 2}}, {"model": "ordersapp.orderitem", "pk": 24, "fields": {"order": 6, "product": 8, "quantity": 4}}, {"model": "ordersapp.orderitem", "pk": 25, "fields": {"order": 7, "product": 9, "quantity": 6}}, {"model": "ordersapp.orderitem", "pk": 26, "fields": {"order": 7, "product": 11, "quantity": 1}}, {"model": "ordersapp.orderitem", "pk": 27, "fields": {"order": 7, "product": 12, "quantity": 2}}, {"model": "ordersapp.orderitem", "pk": 28, "fields": {"order": 7, "product": 8, "quantity": 4}}, {"model": "ordersapp.orderitem", "pk": 29, "fields": {"order": 8, "product": 9, "quantity": 6}}, {"model": "ordersapp.orderitem", "pk": 30, "fields": {"order": 8, "product": 11, "quantity": 1}}, {"model": "ordersapp.orderitem", "pk": 31, "fields": {"order": 8, "product": 12, "quantity": 2}}, {"model": "ordersapp.orderitem", "pk": 32, "fields": {"order": 8, "product": 8, "quantity": 4}}, {"model": "ordersapp.orderitem", "pk": 33, "fields": {"order": 9, "product": 9, "quantity": 8}}, {"model": "ordersapp.orderitem", "pk": 34, "fields": {"order": 10, "product": 10, "quantity": 1}}, {"model": "ordersapp.orderitem", "pk": 35, "fields": {"order": 11, "product": 9, "quantity": 2}}, {"model": "ordersapp.orderitem", "pk": 36, "fields": {"order": 12, "product": 8, "quantity": 1}}, {"model": "ordersapp.orderitem", "pk": 37, "fields": {"order": 13, "product": 8, "quantity": 1}}]